Team,First,Last,Pos,Base,Guaranteed
TFC,Sebastian,Giovinco,F,5600000,7115556
TFC,Michael,Bradley,M,6000000,6500000
LAFC,Carlos,Vela,F,4500000,6292500
CHI,Bastian,Schweinsteiger,M,6100000,6100000
LAG,Giovani,dos Santos,F,4250000,6000000
NYCFC,David,Villa,F,5610000,5610000
TFC,Jozy,Altidore,F,5000000,5000000
MTL,Ignacio,Piatti,M,500000,4713333
COL,Tim,Howard,GK,2000000,2475000
POR,Diego,Valeri,M,2320000,2380000
SEA,Nicolas,Lodeiro,M,1800000,2302500
ATL,Miguel,Almiron,M,1912500,2297000
Unassigned,Yura,Movsisyan,F,1850000,2073750
NYCFC,Maxi,Moralez,M,2000000,2000000
LAG,Jonathan,dos Santos,M,2000000,2000000
POR,Fanendo,Adi,F,1275000,1933333
CHI,Nemanja,Nikolic,F,1700000,1906333
LAG,Romain,Alessandrini,M,1539996,1869996
PHI,Borek,Dockal,M,1714286,1714286
COL,Shkelzen,Gashi,F,1575000,1668750
SEA,Clint,Dempsey,F,1100000,1650000
MIN,Darwin,Quintero,F,1650000,1650000
SKC,Felipe,Gutierrez,M,1600000,1650000
NYRB,Bradley,Wright-Phillips,F,1500000,1635000
TFC,Victor,Vazquez,M,1365000,1500000
LAG,Zlatan,Ibrahimovic,F,1500000,1500000
SJE,"Valeri ""Vako""",Qazaishvili,M,1325004,1454042
ATL,Ezequiel,Barco,M,1425000,1425000
ATL,Josef,Martinez,F,1270008,1387318
ORL,Dom,Dwyer,F,1200000,1383333
POR,Sebastian,Blanco,M,1300008,1375008
TFC,Ager,Aketxe Barrutia,M,1190000,1295000
CHI,Aleksandar,Katai,M,1140000,1276333
PHI,Alejandro,Bedoya,M,1200000,1266250
PHI,David,Accam,M-F,1250000,1250000
RSL,Alfredo,Ortuno,F,990000,1162500
SEA,Osvaldo,Alonso,M,1100000,1141667
ORL,Sacha,Kljestan,M,1025000,1100000
CLB,Federico,Higuain,M,1100000,1100000
SEA,Victor,Rodriguez,M,1000000,1087500
LAFC,Diego,Rossi,F,1000000,1052000
POR,Lucas,Melano,F,830000,1050000
RSL,Damir,Kreilach,M,900000,1013333
NER,Krisztian,Nemeth,F,900000,1007667
LAG,Jorgen,Skjelvik,D,900000,1000000
VAN,Kei,Kamara,F,1000000,1000000
DCU,Zoltan,Stieber,M,1000000,1000000
NYRB,Marc,Rzatkowski,M,885000,976167
DAL,Mauro,Diaz,M,853000,949890
LAFC,Adama,Diomande,F,850000,935000
LAG,Ola,Kamara,F,825000,925000
NER,Claude,Dielna,D,780000,909861
RSL,Albert,Rusnak,M,850008,907821
COL,Yannick,Boli,F,775000,907500
SKC,Roger,Espinoza,M,900000,900000
CLB,Jonathan,Mensah,D,774996,868996
ORL,Lamine,Sane,D,807500,855000
COL,Stefan,Aigner,M,800000,845885
TFC,Gregory,Van Der Wiel,D,800000,835000
DAL,Roland,Lamah,M,675000,818500
NYCFC,Jo Inge,Berget,F,600000,816667
MTL,Alejandro,Silva,M,800040,800040
MTL,Saphir,Taider,M,800000,800000
SJE,Chris,Wondolowski,F,800000,800000
DAL,Reto,Ziegler,D,750000,800000
CLB,Pedro,Santos,M,747600,794600
POR,Larrys,Mabiala,D,750000,793333
SKC,Matt,Besler,D,750000,783250
SKC,Graham,Zusi,D,750000,782102
DAL,Maximiliano,Urruti,F,700000,781000
NYCFC,Jesus,Medina,M,650000,770833
ATL,Hector,Villalba,F,663000,770750
VAN,Brek,Shea,D-M,700000,745000
DAL,Carlos,Gruezo,M,595000,730750
LAG,Ashley,Cole,D,450000,722500
MTL,Matteo,Mancosu,F,700000,719542
CHI,Dax,McCarty,M,700000,712500
RSL,Marcelo,Silva,D,675000,711875
MTL,Rod,Fanni,D,690000,710000
NYRB,Alejandro 'Kaku',Romero,M,709091,709091
VAN,Aly,Ghazal,M,575000,700567
ATL,Brad,Guzan,GK,640008,700008
POR,Liam,Ridgewell,D,700000,700000
SKC,Johnny,Russell,M,700000,700000
MTL,Rudy,Camacho,D,650000,699153
ATL,Leandro,Pirez,D,650004,685004
RSL,Joao,Plata,F,525000,683333
COL,Joe,Mason,F,650000,682500
SKC,Yohan,Croizet,M,650004,680004
NYRB,Daniel,Royer,M,600000,668750
LAFC,Laurent,Ciman,D,630000,661667
DCU,Luciano,Acosta,M-F,550000,652000
HOU,Alberth,Elis,F,650340,650340
SEA,Roman,Torres,D,575000,645000
MIN,Christian,Ramirez,F,575000,641250
COL,Tommy,Smith,D,600000,640000
DCU,Paul,Arriola,M,625000,639000
ORL,Jonathan,Spector,D,575004,636942
SEA,Kim,Kee-Hee,D,500004,632004
CLB,Gyasi,Zardes,F,630000,630000
LAFC,Benny,Feilhaber,M,625000,625000
PHI,Jay,Simpson,F,580008,623341
ATL,Darlington,Nagbe,M-F,605000,620000
LAG,Michael,Ciani,D,600000,620000
VAN,Efrain,Juarez,D-M,525000,619833
POR,Samuel,Armenteros,F,600000,608333
VAN,Kendall,Waston,D,575000,604167
NER,Juan,Agudelo,F,575000,602500
ORL,Yoshimar,Yotun,M,549996,599996
CHI,Johan,Kappelhof,D,555000,595000
SKC,Gerso,Fernandes,M-F,550008,591258
CHI,Michael,de Leeuw,F,525000,589213
ATL,Chris,McCann,M,560000,588000
DAL,Cristian,Colman,F,500000,585000
ORL,Cristian,Higuita,M,444996,581663
ORL,Justin,Meram,M,550008,578758
SEA,Kelvin,Leerdam,D,500000,575000
POR,Diego,Chara,M,550000,572000
SJE,Florian,Jungwirth,D-M,500004,566671
NYCFC,Alexander,Callens,D,500000,564000
TFC,Chris,Mavinga,D,500000,563333
CLB,Wil,Trapp,M,500004,550004
NER,Cristian,Penilla,F,500000,550000
SEA,Magnus,Eikrem,M,480000,546667
PHI,Haris,Medunjanin,M,500004,545004
NER,Wilfried,Zahibo,M,474000,544000
DAL,Santiago,Mosquera,M,450000,541400
COL,Daniel,Wilson,D,500000,540000
SJE,Jahmir,Hyka,M,489996,539996
VAN,Yordy,Reyna,M-F,440000,533700
RSL,Kyle,Beckerman,M,505008,530008
DAL,Matt,Hedges,D,500004,525004
DCU,Steven,Birnbaum,D,500004,525004
PHI,CJ,Sapong,F,525000,525000
MIN,Francisco,Calvo,D,450000,522600
DCU,Yamil,Asad,M,436364,520523
SJE,Danny,Hoesen,F,465000,518000
LAFC,Omar,Gaber,D-M,500000,500000
LAFC,Lee,Nguyen,M,500000,500000
PHI,Andre,Blake,GK,450000,500000
HOU,Tomas,Martinez,M,305004,487929
MIN,Kevin,Molino,M,425004,477504
LAG,Perry,Kitchen,D-M,450000,474167
SJE,Anibal,Godoy,M,425000,473125
ORL,Will,Johnson,M,434004,470004
LAFC,Eduard,Atuesta,M,450000,468000
NYRB,Luis,Robles,GK,460000,460000
NYRB,Aurelien,Collin,D,450000,450000
NYRB,Carlos,Rivas,M,444996,444996
NYCFC,Anton,Tinnerholm,D,350000,434925
HOU,Adam,Lundkvist,D,405000,433750
VAN,Felipe,Martins,M,425000,425000
NER,Gabriel,Somi,D,391000,425000
RSL,Nick,Rimando,GK,400000,422500
DCU,Darren,Mattocks,F,400000,416667
ORL,Oriol,Rosell,M,412500,412500
VAN,Cristian,Techera,M,387000,412000
NYCFC,Alexander,Ring,M,370000,411667
NYCFC,Maxime,Chanot,D,375000,408000
COL,Jack,Price,M,400000,407500
NER,Antonio,Mlinar Delamea,D,400008,400008
DAL,Michael,Barrios,M,400000,400000
SJE,Magnus,Eriksson,F,400000,400000
RSL,Jefferson,Savarino,F,375000,398688
NYCFC,Ronald,Matarrita,D,275000,395000
DAL,Anibal,Chala,D,300000,383000
NYCFC,Ebenezer,Ofori,M,325000,381250
MIN,Ethan,Finlay,M,375000,375000
DCU,David,Ousted,GK,350000,369167
Unassigned,Muhamed,Keita,F,325000,367292
COL,Nana,Adjei-Boateng,M,320004,361250
CHI,Tony,Tchani,M,320000,353333
CHI,Luis,Solignac,F,300000,353313
SEA,Will,Bruin,F,350000,351667
NYCFC,Ismael,Tajouri,F,320000,350500
TFC,Drew,Moor,D,350004,350004
SEA,Gustav,Svensson,M,350000,350000
MTL,Zakaria,Diallo,D,299250,343250
SKC,Ike,Opara,D,325000,342917
SJE,Yeferson,Quintana,D,300000,341250
SEA,Chad,Marshall,D,325000,341250
ATL,Michael,Parkhurst,D,340008,340008
MIN,Sam,Cronin,M,315000,339750
MIN,Alexi,Gomez,M,300000,339450
CLB,Harrison,Afful,D,288100,335600
MIN,Miguel,Ibarra,M,300000,332322
SKC,Ilie,Sanchez,M,325008,330008
MTL,Dom,Oduro,F,330000,330000
PHI,Ilson,Dias,M,300000,327000
MIN,Ibson,da Silva,M,300000,317083
SKC,Tim,Melia,GK,300000,316667
MIN,Luiz,Fernando,M,275000,314167
CLB,Milton,Valenzuela,D,282000,313300
COL,Sam,Nicholson,M,265008,311456
MTL,Marco,Donadel,M,120000,305328
VAN,Bernie,Ibini,F,265008,304008
SJE,Harold,Cummings,D,249996,300663
NYCFC,Rodney,Wallace,M,300000,300000
TFC,Justin,Morrow,D,300000,300000
NER,Luis Alberto,Caicedo,M,300000,300000
DAL,Kellyn,Acosta,M,280000,300000
DCU,Frederic,Brillant,D,265000,300000
LAFC,Steven,Beitashour,D,275000,298375
VAN,Anthony,Blondell,F,250000,295203
LAFC,Marco,Urena,F,279996,294413
RSL,Justen,Glad,D,270000,291700
SJE,Quincy,Amarikwa,F,275500,289167
RSL,Sunday,Obayan,M,275000,288000
VAN,Jordon,Mutch,M,156000,284167
POR,Cristhian,Paredes,M,252000,283500
SEA,Stefan,Frei,GK,275000,281250
HOU,Juan,Cabezas,M,255156,279156
HOU,DaMarcus,Beasley,D,275004,275004
LAG,David,Bingham,GK,275000,275000
DCU,Nick,DeLeon,M,275000,275000
HOU,Darwin,Ceren,M,225000,274375
SKC,Emiliano,Amor,D,225000,274375
TFC,,Auro,D,200004,272504
POR,Vytautas,Andriuskevicius,D,250000,271875
LAG,Rolf,Feltscher,D,240000,270000
MTL,Victor,Cabrera,D,270000,270000
NER,Andrew,Farrell,D,182600,267600
MIN,Michael,Boxall,D,250008,267341
SKC,Diego,Rubio Kostner,F,250000,266875
HOU,Mauro,Manotas,F,264328,264328
TFC,Eriq,Zavaleta,D,225000,263558
NYRB,Sean,Davis,M,225000,261667
HOU,Eric,Alexander,M,260004,260004
NER,Teal,Bunbury,F,215000,260000
NYCFC,Cedric,Hountondji,D,220000,258333
NER,Kelyn,Rowe,M,193000,258000
NYRB,Kemar,Lawrence,D,150000,255600
LAG,Sebastian,Lletget,M,240000,252667
HOU,Romell,Quioto,F,240000,252500
MIN,Collen,Warner,M,251004,251004
NYCFC,Sean,Johnson,GK,250008,250008
ATL,Franco,Escobar,D,250008,250008
DAL,Maynor,Figueroa,D,240000,250000
DCU,Patrick,Mullins,F,249996,249996
DCU,Russell,Canouse,M,247500,247500
HOU,Philippe,Senderos,D,225000,242500
MTL,Jukka,Raitala,D,205004,241671
POR,Alvas,Powell,D,225000,241625
LAG,Joao,Pedro,M,219996,240996
RSL,Tony,Beltran,D,230000,240950
SKC,Cristian,Lobato,M,240000,240000
VAN,Jose,Aja,D,240000,240000
POR,David,Guzman,M,220000,240000
COL,Johan,Blomberg,M,239808,239808
RSL,Brooks,Lennon,F,225000,237583
MIN,Johan,Venegas,M,225000,237500
HOU,Adolfo,Machado,D,220008,236508
LAFC,Walker,Zimmerman,D,235000,235000
SEA,Jordan,Morris,F,222000,234500
RSL,Luis,Silva,M-F,225000,233667
SJE,Francois,Affolter,D,200000,232650
HOU,Andrew,Wenger,M,230000,230000
TFC,Marco,Delgado,M,230000,230000
MIN,Rasmus,Schuller,M,200004,225004
ORL,Scott,Sutter,D,225000,225000
RSL,Jordan,Allen,M,225000,225000
PHI,Joshua,Yaro,D,140000,224000
TFC,Clint,Irwin,GK,210000,221313
MIN,Jerome,Thiesson,D,180000,219167
CLB,Gaston,Sauro,D,213750,213750
DAL,Jesse,Gonzalez,GK,187500,211500
ATL,Jeff,Larentowicz,M,210000,210000
CLB,Artur,de Lima,M,210000,210000
TFC,Jonathan,Osorio,M,201351,209825
HOU,AJ,DeLaGarza,D,200000,207500
ATL,Miles,Robinson,D,135000,205000
TFC,Tosaint,Ricketts,F,190008,203175
POR,Jeremy,Ebobisse,F,140000,203000
RSL,Pablo,Ruiz,M,180000,201000
POR,Lawrence,Olum,M,185004,200004
CLB,Joshua,Williams,D,200000,200000
MTL,Jeisson,Vargas,M,200000,200000
NYCFC,Yangel,Herrera,M,200000,200000
SKC,Brad,Evans,D-M,200000,200000
SJE,Shea,Salinas,M,200000,200000
NYCFC,Thomas,McNamara,M,200000,200000
CLB,Mike,Grella,F,195300,197550
SJE,Jackson,Yueill,M,135000,196000
COL,Axel,Sjoberg,D,189996,194996
MIN,Tyrone,Mears,D,194256,194256
POR,Dairon,Asprilla,M-F,180000,193750
ORL,Mohammed,El-Mounir,D,175000,192833
DAL,Anton,Nedyalkov,D,180000,192500
SEA,Cristian,Roldan,M,154000,191000
NER,Diego,Fagundez,M,170000,190000
VAN,Aaron,Maund,D,180000,189438
ORL,Joe,Bendik,GK,180000,189083
DAL,Brandon,Servania,M,135000,186000
MIN,Abu,Danladi,F,135000,186000
ORL,Stefano,Pinho,F,150000,183333
DAL,Victor,Ulloa,M,180000,182500
PHI,Raymon,Gaddis,D,180000,182500
MIN,Bobby,Shuttleworth,GK,165000,181875
CLB,Mohammed,Abu,M,175008,181258
DAL,Ema,Twumasi,F,135000,180900
Unassigned,Jacob,Peterson,F,173568,180818
ORL,Dillon,Powers,M,180000,180000
ATL,Kevin,Kratz,M,165000,179250
MIN,Mason,Toye,F,125000,178000
Unassigned,Chance,Myers,D,175008,175008
ATL,Greg,Garza,D,175008,175008
SEA,Harry,Shipp,M,175000,175000
LAG,Chris,Pontius,M-F,175000,175000
LAG,Baggio,Husidic,M,175000,175000
RSL,Luke,Mulholland,M,173250,173250
SEA,Waylon,Francis,D,165000,171667
SJE,Tommy,Thompson,M,165000,170000
COL,Zac,MacMath,GK,170000,170000
LAFC,Joao,Moutinho,D,130000,170000
DAL,Francis,Atuahene,F,125000,169000
COL,Dominique,Badji,F,162500,168750
MTL,Michael,Petrasso,D-M,155004,168129
SJE,Joel,Qwiberg,D,130000,168000
NER,Chris,Tierney,D-M,157500,165833
HOU,Leonardo,Da Silva,D,157505,165171
HOU,Oscar Boniek,Garcia,M,150000,165000
ORL,Richie,Laryea,M,135000,164000
VAN,Stefan,Marinovic,GK,150000,162563
VAN,Russell,Teibert,M,140000,160000
VAN,Marcel,de Jong,D-M,160000,160000
CLB,Hector,Jimenez,M,159996,159996
CHI,Kevin,Ellis,D,150000,158333
MTL,Evan,Bush,GK,157925,157925
SKC,Seth,Sinovic,D,150000,157667
HOU,Arturo,Alvarez,M,150000,157500
VAN,Erik,Hurtado,M-F,150000,156250
HOU,Chris,Seitz,GK,155004,155004
MTL,Anthony,Jackson-Hamel,F,140000,155000
VAN,Doneil,Henry,D,140004,154238
NYRB,Tyler,Adams,M,107500,153542
PHI,Warren,Creavalle,M,140000,153000
PHI,Fabinho,Alves Macedo,D,153000,153000
PHI,Richie,Marquez,D,145000,151430
POR,Andy,Polo,F,150000,150000
POR,Roy,Miller,D,150000,150000
LAFC,Dejan,Jakovic,D,150000,150000
CHI,Alan,Gordon,F,150000,150000
LAFC,Jordan,Harvey,D,150000,150000
VAN,Sean,Franklin,D,150000,150000
MTL,Chris,Duvall,D,150000,150000
POR,Julio,Cascante,D,150000,150000
ORL,Josue,Colman,M,150000,150000
PHI,Fafa,Picault,F,135000,148667
TFC,Nicolas,Hasler,D-M,132000,147667
LAFC,Luis,Lopez,GK,70000,147500
NYRB,Tommy,Redding,D,125000,147500
ATL,Brandon,Vazquez,F,125004,145004
NYRB,Fidel,Escobar,D,145000,145000
CLB,Zack,Steffen,GK,145000,145000
DAL,Ryan,Hollingshead,D-M,145000,145000
COL,Marlon,Hairston,M,144996,144996
CHI,Brandon,Vincent,D,122375,144250
TFC,Ayo,Akinola,F,54504,140504
SKC,Jimmy,Medranda,D,140004,140004
MIN,Marc,Burch,D,140004,140004
DCU,Taylor,Kemp,D,140000,140000
DCU,Junior,Moreno,M,120000,139500
NER,Scott,Caldwell,M,129375,139375
DCU,Ian,Harkes,M,104500,137738
DCU,Ulises,Segura,M-F,137000,137000
VAN,Brian,Rowe,GK,135000,135000
TFC,Nick,Hagglund,D,125004,134629
DCU,Kofi,Opare,D,118125,133125
HOU,Joe,Willis,GK,125000,132750
CHI,Richard,Sanchez,GK,130000,132500
LAG,Daniel,Steres,D,125004,132067
SJE,JT,Marcinkowski,GK,120000,132000
RSL,David,Horst,D,125004,131629
COL,Michael,Azira,M,125000,131625
RSL,Shawn,Barry,D,131250,131250
VAN,Nicolas,Mezquida,M-F,130000,130000
POR,Zarek,Valentin,D,130000,130000
DCU,Steve,Clark,GK,120000,130000
LAG,Emmanuel,Boateng,F,130000,130000
ATL,Sal,Zizzo,D,130000,130000
COL,Edgar,Castillo,D,99996,129996
MTL,Samuel,Piette,M,120000,129234
MTL,Shamit,Shome,M,100000,128500
POR,Eryk,Williamson,M,110000,126500
RSL,Demar,Phillips,D,120000,126250
NYCFC,Jonathan,Lewis,F,90000,125500
POR,Jake,Gleeson,GK,120000,125167
ORL,Donny,Toia,D,125004,125004
CLB,Ricardo,Clark,M,125000,125000
NYRB,Ryan,Meara,GK,120000,125000
CHI,Mohammed,Adams,M,90000,125000
DCU,Jared,Jeffrey,M,114996,124996
CHI,Matt,Polster,M,109890,124890
SJE,Fatai,Alashe,M,107993,124243
POR,Jeff,Attinella,GK,115000,124000
DAL,Chris,Richards,D,90000,123750
RSL,Adam,Henley,D,115000,122833
DAL,Jimmy,Maurer,GK,120000,122500
DAL,Tesho,Akindele,M-F,105000,122500
TFC,Ashtone,Morgan,D,120000,121500
PHI,Keegan,Rosenberry,D,114950,120763
NYRB,Connor,Lade,D,114000,120750
NYCFC,Saad,Abdul-Salaam,D,106480,120230
CLB,Eduardo,Sosa,M,100000,120200
CHI,Jonathan,Campbell,D,111925,120050
ATL,Gordon,Wild,F,90000,120000
ATL,Jose Rafael,Hernandez,D,120000,120000
SKC,Khiry,Shelton,F,102245,119745
Unassigned,Wandrille,Lefevre,D,110000,119500
TFC,Jay,Chapman,M,99000,117500
NYRB,Tim,Parker,D,97185,115935
SJE,Eric,Calvillo,M,100000,115000
NYRB,Alex,Muyl,F,110000,114000
LAG,Tomas,Hilliard-Arce,D,90000,113125
HOU,Alejandro,Fuenmayor,D,85008,112508
ATL,Julian,Gressel,M,92500,111250
RSL,Sebastian,Saucedo,M,100000,110500
PHI,Auston,Trusty,D,80000,109100
NYRB,Cristian,Casseres,M,70000,108750
COL,Andrew,Dykstra,GK,100008,107659
MIN,Matt,Lampson,GK,100000,107500
HOU,Dylan,Remick,D,105000,106667
MIN,Eric,Miller,D,84998,105998
NER,Brad,Knighton,GK,105956,105956
CHI,Rafael,Ramos,D,105840,105840
COL,Caleb,Calvert,F,105000,105000
DCU,Joseph,Mora,D,90000,104250
PHI,John,McCarthy,GK,95000,104250
TFC,Alex,Bono,GK,82000,102200
SJE,Andrew,Tarbell,GK,88000,102000
CHI,Jon,Bakero,F,85000,101375
TFC,Jordan,Hamilton,F,72930,100430
SJE,Nick,Lima,D,93996,100200
PHI,Fabian,Herbers,M-F,100008,100008
RSL,Danilo,Acosta,M,100000,100000
LAFC,Rodrigo,Pacheco,F,100000,100000
DAL,Adonijah,Reid,F,75000,99375
SEA,Lamar,Neagle,M-F,96000,99000
ORL,Chris,Mueller,F,85000,98750
CLB,Adam,Jahn,F,97500,97500
MTL,Clement,Diop,GK,90000,97290
CHI,Djordje,Mihailovic,M,96000,96000
CLB,Edward,Opoku,F,75000,96000
ORL,Victor,Giro,D-M,90000,95313
MIN,Collin,Martin,M,95004,95004
CLB,Alex,Crognale,D,95004,95004
COL,Dillon,Serna,M,95000,95000
ATL,Alec,Kann,GK,94008,94008
CHI,Christian,Dean,D,90000,93125
HOU,Jared,Watts,D-M,92500,92500
DAL,Paxton,Pomykal,M,85000,90000
ORL,RJ,Allen,D,90000,90000
NER,Jalil,Anibaba,D,90000,90000
COL,Kortne,Ford,D,82500,89500
DCU,Chris,Durkin,D-M,80000,89167
ORL,Cam,Lindley,M,80000,88906
NYRB,Michael,Murillo,D,80004,88754
ORL,Amro,Tarek,D,80000,88333
LAFC,James,Murphy,M,67500,87500
ATL,Andrew,Carleton,F,75000,87400
MTL,Daniel,Lovitz,M,86625,86625
MIN,Brent,Kallman,D,82500,85792
ORL,Jose,Villarreal,F,85000,85000
NYCFC,Brad,Stuver,GK,85000,85000
LAFC,Latif,Blessing,F,75000,84375
MTL,Maxime,Crepeau,GK,80000,84083
ATL,Chris,Goslin,M,80000,84000
NER,Zachary,Herivaux,M,68906,83906
Unassigned,Jose,Leiton,M-F,67500,83000
LAG,Hugo,Arellano,D,75000,82574
SKC,Gianluca,Busio,F,80004,82504
CHI,Grant,Lillard,D,80000,82500
SJE,Gilbert,Fuentes,M,70000,82000
SKC,Daniel,Salloi,F,67500,81625
ORL,Chris,Schuler,D,75000,81250
CLB,Jonathan,Kempin,GK,80256,80256
LAFC,Calum,Mallace,M,80000,80000
NYCFC,Joe,Scally,D,54500,76317
RSL,Ricky,Lopez-Espin,F,67500,76250
PHI,Derrick,Jones,M,70000,75900
MTL,Nick,DePuy,F,68254,75754
CLB,Niko,Hansen,F,68250,75750
DAL,Jacori,Hayes,M,68250,75750
CLB,Lalas,Abubakar,D,68250,75750
NYCFC,James,Sands,D-M,54500,75333
POR,Bill,Tuiloma,D-M,67500,75000
DCU,Jalen,Robinson,D,75000,75000
POR,Victor,Arboleda,M-F,75000,75000
LAFC,Mark-Anthony,Kaye,M,70000,75000
LAG,Dave,Romney,D,74419,74419
NER,Cody,Cropper,F,73828,73828
NYRB,Derrick,Etienne,M,68500,73500
PHI,Anthony,Fontana,M,65004,73422
CLB,Cristian,Martinez,M,68915,73415
RSL,Alex,Horwath,GK,67500,73363
NYRB,Aaron,Long,D,73125,73125
TFC,Ben,Spencer,F,67500,72800
LAG,Bradford,Jamieson,F,72765,72765
TFC,Liam,Fraser,M,67500,72500
VAN,Alphonso,Davies,M,72500,72500
Unassigned,Rennico,Clarke,D,67500,72500
NER,Isaac,Angking,M,67500,72500
LAG,Efrain,Alvarez,M,67500,72234
DCU,Bruno,Miranda,F,67500,71976
VAN,Jakob,Nerwinski,D,67500,71625
PHI,Adam,Najem,M,71500,71500
ATL,Romario,Williams,F,71500,71500
ATL,George,Bello,D,67500,71500
LAFC,Nicolas,Czornomaz,M,67500,71250
PHI,Cory,Burke,F,67500,71224
NYRB,Florian,Valot,M,67500,71136
RSL,Jose E,Hernandez,M,67500,70875
VAN,Brett,Levis,D,68250,70750
LAFC,Tristan,Blackmon,D,67500,70234
NYRB,Stefano,Bonomo,F,67500,69922
NYRB,Vincent,Bezecourt,M,67500,69921
LAFC,Aaron,Kovar,M,69458,69658
DCU,Dane,Kelly,F,67500,69500
MIN,Harrison,Heath,M,69458,69458
NYRB,Anatole,Abang,F,68927,68927
NYCFC,Andre,Rawls,GK,68915,68915
LAFC,Tyler,Miller,GK,68915,68915
HOU,Kevin,Garcia,D,68915,68915
CHI,Drew,Conner,M,68907,68907
DCU,Travis,Worra,GK,68906,68906
COL,Jack,McBean,F,68906,68906
DCU,Oniel,Fisher,D-M,68906,68906
PHI,Eric,Ayuk,M,68906,68906
ATL,Mikey,Ambrose,D,68906,68906
ORL,Tony,Rocha,M,68902,68902
ATL,Jon,Gallagher,F,67500,68750
SJE,Luis,Felipe,M,67500,68500
POR,Jack,Barmby,M,68256,68256
VAN,Spencer,Richey,GK,68254,68254
HOU,George,Malki,D,68254,68254
CHI,Daniel,Johnson,M,68254,68254
COL,Sam,Hamilton,M,68254,68254
SKC,Kharlton,Belmar,F,68254,68254
SJE,Matt,Bersano,GK,68254,68254
ORL,Earl,Edwards,GK,68250,68250
SKC,Jaylin,Lindsey,D,54504,67504
NER,Brian,Wright,F,67500,67500
COL,Deklan,Wynne,D,67500,67500
DAL,Kyle,Zobeck,GK,67500,67500
NER,Matt,Turner,GK,67500,67500
ORL,Mason,Stajduhar,GK,67500,67500
NYCFC,Ben,Sweat,D,67500,67500
LAG,Brian,Sylvestre,GK,67500,67500
MTL,Michael,Salazar,F,67500,67500
DAL,Kris,Reaves,D,67500,67500
LAFC,Quillan,Roberts,GK,67500,67500
MIN,Bertrand,Owundi Eko'o,D,67500,67500
MIN,Frantz,Pangop,M,67500,67500
TFC,Caleb,Patterson-Sewell,GK,67500,67500
RSL,Taylor,Peay,D,67500,67500
SJE,Jimmy,Ockford,D,67500,67500
SEA,Jordan,McCrary,D,67500,67500
CHI,Patrick,McLain,GK,67500,67500
SEA,Bryan,Meredith,GK,67500,67500
LAFC,Charlie,Lyon,GK,67500,67500
COL,Enzo,Martinez,M,67500,67500
PHI,Olivier,Mbaizo,D,67500,67500
SKC,Wan,Kuzain,M,67500,67500
LAG,Ariel,Lassiter,F,67500,67500
CLB,Logan,Ketterer,GK,67500,67500
LAG,Emrah,Klimenta,D,67500,67500
TFC,Jason,Hernandez,D,67500,67500
RSL,Aaron,Herrera,D,67500,67500
ATL,Mitch,Hildebrandt,GK,67500,67500
NER,Femi,Hollinger-Janzen,F,67500,67500
NYCFC,Sebastien,Ibeagha,D,67500,67500
HOU,Luis,Gil,M,67500,67500
ORL,Adam,Grinwis,GK,67500,67500
POR,Andres,Flores,M,67500,67500
CHI,Jorge,Corrales,D,67500,67500
COL,Mike,da Fonte,D,67500,67500
Unassigned,Tyler,Deric,GK,67500,67500
DAL,Reggie,Cannon,D,67500,67500
LAG,Servando,Carrasco,M,67500,67500
MTL,David,Choiniere,M,67500,67500
COL,Kip,Colvey,D,67500,67500
CHI,Brandt,Bronico,M,67500,67500
SEA,Calle,Brown,GK,67500,67500
RSL,Nick,Besler,M,67500,67500
HOU,Eric,Bird,M,67500,67500
SEA,Tony,Alfaro,D,67500,67500
ATL,Patrick,Okonkwo,F,54504,65504
PHI,Mark,McKenzie,D,54500,64500
POR,Marco,Farfan,D,64500,64500
COL,Sam,Vines,D,60000,61250
COL,Ricardo,Perez,M,60000,61250
VAN,Simon,Colyn,M,54500,60750
NYRB,Ben,Mines,M,54504,60518
PHI,Jack,Elliott,D,59630,59630
DCU,Chris,Odoi-Atsem,D,54500,59500
ATL,Lagos,Kunga,M-F,54500,58500
SJE,Chris,Wehan,M,54492,57992
SKC,Eric,Dick,GK,54500,57950
NER,Mark,Segbers,D-M,54500,57761
NER,Brandon,Bye,D,54500,57761
MTL,Thomas,Meilleur-Giguere,D,54500,57625
NYRB,Kevin,Politz,D,54500,57106
SJE,Jacob,Akanyirige,D,54500,56500
DAL,Bryan,Reynolds,F,54500,56500
LAFC,Shaft,Brewer,M,54500,56167
MTL,Louis,Beland-Goyette,M,54500,55750
HOU,Charlie,Ward,M,55654,55654
ATL,Andrew,Wheeler-Omiunu,M,55654,55654
SKC,Colton,Storm,D,55654,55654
HOU,Memo,Rodriguez,M,55654,55654
PHI,Jake,McGuire,GK,55654,55654
CLB,Connor,Maloney,D,55654,55654
NYRB,Evan,Louro,GK,55654,55654
MIN,Alex,Kapp,GK,55654,55654
MTL,Kyle,Fisher,D,55654,55654
SKC,Amer,Didic,D,55654,55654
MTL,Raheem,Edwards,F,55654,55654
PHI,Marcus,Epps,M,55654,55654
SEA,Jordy,Delem,M,55654,55654
CHI,Stefan,Cleveland,GK,55654,55654
NYCFC,Kwame,Awuah,D-M,55654,55654
SEA,Henry,Wingo,D-M,55650,55650
SKC,Adrian,Zendejas,GK,55650,55650
POR,Kendall,McIntosh,GK,55650,55650
SEA,Seyi,Adekoya,F,55650,55650
VAN,David,Norman,M,54500,55500
MTL,James,Pantemis,GK,54500,55000
RSL,Connor,Sparrow,GK,54504,54504
NYRB,Hassan Ndam,Fouapon,D,54504,54504
ORL,Pierre,Da Silva,M,54504,54504
RSL,Corey,Baird,F,54504,54504
LAG,Justin,Vom Steeg,GK,54500,54500
HOU,Mac,Steeves,GK,54500,54500
SJE,Mohamed,Thiaw,F,54500,54500
ATL,Oliver,Shannon,M,54500,54500
SKC,Graham,Smith,D,54500,54500
SEA,Alex,Roldan,M,54500,54500
LAFC,Steeve,Saint-Duc,F,54500,54500
NER,Nicolas,Samayoa,D,54500,54500
PHI,Matthew,Real,D,54500,54500
MIN,Wyatt,Omsberg,D,54500,54500
SJE,Danny,Musovski,F,54500,54500
HOU,Michael,Nelson,GK,54500,54500
VAN,Sean,Melvin,GK,54500,54500
TFC,Mariano,Mino,M,54500,54500
MIN,Carter,Manley,D,54500,54500
SJE,Paul,Marie,D,54500,54500
MTL,Ken,Krolicki,M,54500,54500
POR,Foster,Langsdorf,F,54500,54500
SKC,Matt,Lewis,D,54500,54500
CLB,Ben,Lundgaard,GK,54500,54500
COL,Niki,Jackson,F,54500,54500
POR,Modou,Jadama,D,54500,54500
VAN,Justin,Fiddes,D,54500,54500
VAN,Deybi,Flores,M,54500,54500
NYRB,Kyle,Duncan,D,54500,54500
TFC,Julian,Dunn,D,54500,54500
TFC,Aiden,Daniels,M,54500,54500
CHI,Diego,Campos,M,54500,54500
DAL,Jordan,Cano,D,54500,54500
CHI,Elliot,Collier,F,54500,54500
VAN,Marcos,Bustos,M,54500,54500
SEA,Handwalla,Bwana,M,54500,54500
NYCFC,Jeff,Caldwell,GK,54500,54500
MTL,Jason,Beaulieu,GK,54500,54500
VAN,Myer,Bevan,F,54500,54500
CLB,Luis,Argudo,M,54500,54500
SEA,Nouhou,Tolo,D,54500,54500
DAL,Jesus,Ferreira,F,54500,54500
